단어,레벨,과목,학년
글자,1,국어,A
낱말,1,국어,A
발음,1,국어,A
연필,1,국어,A
글자의 모양,1,국어,A
모음,1,국어,A
시작 자음,1,국어,A
거친 말,2,국어,A
결국,2,국어,A
고개 끄덕임,2,국어,A
고운 말,2,국어,A
고유어,2,국어,A
귀 기울이기,2,국어,A
그 다음에,2,국어,A
그 후,2,국어,A
그래서,2,국어,A
그러니까,2,국어,A
그리고,2,국어,A
그림,2,국어,A
그림책,2,국어,A
글감,2,국어,A
글자,2,국어,A
글자 모양,2,국어,A
기분,2,국어,A
끝,2,국어,A
낭독,2,국어,A
낭송,2,국어,A
내용,2,국어,A
노래,2,국어,A
눈맞춤,2,국어,A
느낌표,2,국어,A
대화,2,국어,A
동시,2,국어,A
동영상,2,국어,A
듣는 이,2,국어,A
듣는 자세,2,국어,A
들려주기,2,국어,A
따옴표,2,국어,A
마침표,2,국어,A
말하는 이,2,국어,A
말하는 자세,2,국어,A
맞장구,2,국어,A
목소리,2,국어,A
무엇,2,국어,A
문장,2,국어,A
문장부호,2,국어,A
물음표,2,국어,A
바른 말,2,국어,A
반대말,2,국어,A
반복되는 말,2,국어,A
받침,2,국어,A
발음,2,국어,A
발표,2,국어,A
분명한 목소리,2,국어,A
분위기,2,국어,A
비슷한 말,2,국어,A
사건,2,국어,A
상대방,2,국어,A
상상,2,국어,A
생각,2,국어,A
소개,2,국어,A
소리,2,국어,A
속도,2,국어,A
순서,2,국어,A
쉼표,2,국어,A
시선,2,국어,A
쓰는 순서,2,국어,A
아침에,2,국어,A
안녕,2,국어,A
안녕하세요,2,국어,A
안녕히 주무셨어요,2,국어,A
어제,2,국어,A
어휘,2,국어,A
언제,2,국어,A
왜,2,국어,A
욕설,2,국어,A
우리말,2,국어,A
이야기,2,국어,A
인물,2,국어,A
인사말,2,국어,A
일기,2,국어,A
일상생활,2,국어,A
입장,2,국어,A
장면,2,국어,A
저녁에,2,국어,A
절차,2,국어,A
주인공,2,국어,A
중간,2,국어,A
차례,2,국어,A
특징,2,국어,A
편지,2,국어,A
표정,2,국어,A
표현,2,국어,A
학교 다녀오겠습니다.,2,국어,A
행동,2,국어,A
흉내,2,국어,A
흉내 내기,2,국어,A
겪은 일,3,국어,A
까닭,3,국어,A
낱자,3,국어,A
뒷받침,3,국어,A
띄어 읽기,3,국어,A
띄어쓰기,3,국어,A
생활문,3,국어,A
설명,3,국어,A
애니메이션,3,국어,A
역할 놀이,3,국어,A
인상 깊다,3,국어,A
읽는 속도,3,국어,A
화제,3,국어,A
가르다,1,수학,A
가볍다,1,수학,A
길다,1,수학,A
길이,1,수학,A
두,1,수학,A
많다,1,수학,A
모으다,1,수학,A
무겁다,1,수학,A
바꾸다,1,수학,A
분,1,수학,A
사각형,1,수학,A
삼각형,1,수학,A
세,1,수학,A
수,1,수학,A
숫자,1,수학,A
시선,1,수학,A
작다,1,수학,A
적다,1,수학,A
짧다,1,수학,A
크기,1,수학,A
크다,1,수학,A
한,1,수학,A
가로,2,수학,A
값,2,수학,A
개월,2,수학,A
계산,2,수학,A
곧게 잇다,2,수학,A
곱02,2,수학,A
곱셈,2,수학,A
곱셈구구표,2,수학,A
곱셈표,2,수학,A
곱하기,2,수학,A
곱하다,2,수학,A
공 모양,2,수학,A
구구단,2,수학,A
규칙,2,수학,A
규칙을 찾다,2,수학,A
기간,2,수학,A
긴 바늘 ,2,수학,A
길이의 합(차),2,수학,A
꼭짓점,2,수학,A
날짜,2,수학,A
남다,2,수학,A
낮다,2,수학,A
날개,2,수학,A
너비,2,수학,A
넓다,2,수학,A
넓이,2,수학,A
네모,2,수학,A
년,2,수학,A
놉다,2,수학,A
높이,2,수학,A
늘어놓다,2,수학,A
늘이다,2,수학,A
다음의 수,2,수학,A
단위,2,수학,A
단위길이,2,수학,A
달력,2,수학,A
더하기,2,수학,A
덧샘(식),2,수학,A
동그라미,2,수학,A
둥근 기둥 모양,2,수학,A
뒤집다,2,수학,A
뛰어 세다,2,수학,A
마흔,2,수학,A
며칠,2,수학,A
모양,2,수학,A
무게,2,수학,A
묶음,2,수학,A
미터,2,수학,A
배,2,수학,A
백,2,수학,A
변,2,수학,A
부분,2,수학,A
분모,2,수학,A
분수,2,수학,A
분자,2,수학,A
빠진 수 ,2,수학,A
빼기,2,수학,A
뺄셈(식),2,수학,A
상자 모양,2,수학,A
서른,2,수학,A
선분,2,수학,A
세다,2,수학,A
세로,2,수학,A
세모,2,수학,A
센티미터,2,수학,A
수 배열표,2,수학,A
수직선,2,수학,A
순서,2,수학,A
쉰,2,수학,A
시각,2,수학,A
시간,2,수학,A
시계,2,수학,A
십,2,수학,A
쌓기나무,2,수학,A
쌓다,2,수학,A
약,2,수학,A
양,2,수학,A
오각형,2,수학,A
오전,2,수학,A
오후,2,수학,A
요일,2,수학,A
육각형,2,수학,A
원,2,수학,A
일,2,수학,A
잃다,2,수학,A
자릿수,2,수학,A
자릿값,2,수학,A
적은 수,2,수학,A
전체,2,수학,A
점,2,수학,A
점판,2,수학,A
조사,2,수학,A
좁다,2,수학,A
주일,2,수학,A
지나다,2,수학,A
직선,2,수학,A
짧은 바늘,2,수학,A
차례,2,수학,A
큰 수 ,2,수학,A
폭,2,수학,A
합,2,수학,A
그래프,3,수학,A
기호,3,수학,A
모양조각,3,수학,A
본을 뜨다,3,수학,A
분류,3,수학,A
표,3,수학,A
개월,1,슬기로운 생활,A
개미,1,슬기로운 생활,A
공부 시간,1,슬기로운 생활,A
교실,1,슬기로운 생활,A
귀 기울이기,1,슬기로운 생활,A
기자,1,슬기로운 생활,A
꿈,1,슬기로운 생활,A
나,1,슬기로운 생활,A
놀이,1,슬기로운 생활,A
눈,1,슬기로운 생활,A
다리,1,슬기로운 생활,A
메미,1,슬기로운 생활,A
머리,1,슬기로운 생활,A
모기장,1,슬기로운 생활,A
목소리,1,슬기로운 생활,A
문,1,슬기로운 생활,A
복도,1,슬기로운 생활,A
사과,1,슬기로운 생활,A
새 손,1,슬기로운 생활,A
아버지,1,슬기로운 생활,A
아빠,1,슬기로운 생활,A
어머니,1,슬기로운 생활,A
엄마,1,슬기로운 생활,A
인사,1,슬기로운 생활,A
입,1,슬기로운 생활,A
잘하다,1,슬기로운 생활,A
제비,1,슬기로운 생활,A
집,1,슬기로운 생활,A
친구,1,슬기로운 생활,A
칠판,1,슬기로운 생활,A
코,1,슬기로운 생활,A
코스모스,1,슬기로운 생활,A
파리,1,슬기로운 생활,A
팔,1,슬기로운 생활,A
화장실,1,슬기로운 생활,A
가수,2,슬기로운 생활,A
가을,2,슬기로운 생활,A
가정,2,슬기로운 생활,A
가족,2,슬기로운 생활,A
감,2,슬기로운 생활,A
감사,2,슬기로운 생활,A
강,2,슬기로운 생활,A
강아지,2,슬기로운 생활,A
개구리,2,슬기로운 생활,A
개나리,2,슬기로운 생활,A
개미,2,슬기로운 생활,A
거두다,2,슬기로운 생활,A
거실,2,슬기로운 생활,A
건물,2,슬기로운 생활,A
게양,2,슬기로운 생활,A
계울,2,슬기로운 생활,A
겨울나기,2,슬기로운 생활,A
겨울눈,2,슬기로운 생활,A
겨울방학,2,슬기로운 생활,A
겨울잠,2,슬기로운 생활,A
경찰,2,슬기로운 생활,A
계곡,2,슬기로운 생활,A
고모,2,슬기로운 생활,A
고모부,2,슬기로운 생활,A
고양이,2,슬기로운 생활,A
고종,2,슬기로운 생활,A
곡식,2,슬기로운 생활,A
곰,2,슬기로운 생활,A
과학실,2,슬기로운 생활,A
교감선생님,2,슬기로운 생활,A
교무실,2,슬기로운 생활,A
교사,2,슬기로운 생활,A
교장 선생님,2,슬기로운 생활,A
교장실,2,슬기로운 생활,A
그림지도,2,슬기로운 생활,A
근육,2,슬기로운 생활,A
금붕어,2,슬기로운 생활,A
기념일,2,슬기로운 생활,A
기르다,2,슬기로운 생활,A
김장,2,슬기로운 생활,A
꽃,2,슬기로운 생활,A
나들이,2,슬기로운 생활,A
나무,2,슬기로운 생활,A
나비,2,슬기로운 생활,A
낙엽,2,슬기로운 생활,A
나리,2,슬기로운 생활,A
남한,2,슬기로운 생활,A
냄새,2,슬기로운 생활,A
노래,2,슬기로운 생활,A
눈,2,슬기로운 생활,A
눈싸움,2,슬기로운 생활,A
눈썹,2,슬기로운 생활,A
다랍쥐,2,슬기로운 생활,A
다짐,2,슬기로운 생활,A
단풍,2,슬기로운 생활,A
대문,2,슬기로운 생활,A
대추,2,슬기로운 생활,A
덥다,2,슬기로운 생활,A
도로,2,슬기로운 생활,A
도서실,2,슬기로운 생활,A
도움,2,슬기로운 생활,A
돋다,2,슬기로운 생활,A
동네,2,슬기로운 생활,A
동물,2,슬기로운 생활,A
동생,2,슬기로운 생활,A
두꺼운 옷,2,슬기로운 생활,A
들려주기,2,슬기로운 생활,A
들판,2,슬기로운 생활,A
등굣길,2,슬기로운 생활,A
디자이너,2,슬기로운 생활,A
따다,2,슬기로운 생활,A
따뜻하다,2,슬기로운 생활,A
따르다,2,슬기로운 생활,A
땅속,2,슬기로운 생활,A
마당,2,슬기로운 생활,A
마을,2,슬기로운 생활,A
마을회관,2,슬기로운 생활,A
만지다,2,슬기로운 생활,A
맡다,2,슬기로운 생활,A
매미,2,슬기로운 생활,A
메뚜기,2,슬기로운 생활,A
명절,2,슬기로운 생활,A
몸통,2,슬기로운 생활,A
무당벌레,2,슬기로운 생활,A
물가,2,슬기로운 생활,A
물건,2,슬기로운 생활,A
물놀이,2,슬기로운 생활,A
미끄럽다,2,슬기로운 생활,A
바다,2,슬기로운 생활,A
박쥐,2,슬기로운 생활,A
반성,2,슬기로운 생활,A
방송실,2,슬기로운 생활,A
방학,2,슬기로운 생활,A
방학생횔계획표,2,슬기로운 생활,A
방학숙제,2,슬기로운 생활,A
배,2,슬기로운 생활,A
벼,2,슬기로운 생활,A
벽,2,슬기로운 생활,A
변호사,2,슬기로운 생활,A
보건선생님,2,슬기로운 생활,A
보름달,2,슬기로운 생활,A
모일러,2,슬기로운 생활,A
봄,2,슬기로운 생활,A
봄 등산,2,슬기로운 생활,A
봄맞이,2,슬기로운 생활,A
부엌,2,슬기로운 생활,A
북한,2,슬기로운 생활,A
붕어,2,슬기로운 생활,A
비웃,2,슬기로운 생활,A
사계절,2,슬기로운 생활,A
사다,2,슬기로운 생활,A
사이좋다,2,슬기로운 생활,A
사촌,2,슬기로운 생활,A
살펴보다,2,슬기로운 생활,A
새순,2,슬기로운 생활,A
새싹,2,슬기로운 생활,A
생김새,2,슬기로운 생활,A
생산,2,슬기로운 생활,A
선생님,2,슬기로운 생활,A
성묘,2,슬기로운 생활,A
소방관,2,슬기로운 생활,A
소풍,2,슬기로운 생활,A
송편,2,슬기로운 생활,A
쉬는 시간,2,슬기로운 생활,A
시골,2,슬기로운 생활,A
식물,2,슬기로운 생활,A
썰매,2,슬기로운 생활,A
아파트,2,슬기로운 생활,A
안방,2,슬기로운 생활,A
애별레,2,슬기로운 생활,A
없음,2,슬기로운 생활,A
여름,2,슬기로운 생활,A
여름방학,2,슬기로운 생활,A
여름철,2,슬기로운 생활,A
여행,2,슬기로운 생활,A
역할놀이,2,슬기로운 생활,A
연예인,2,슬기로운 생활,A
연탄,2,슬기로운 생활,A
열매,2,슬기로운 생활,A
온순하다,2,슬기로운 생활,A
외사촌,2,슬기로운 생활,A
외삼촌,2,슬기로운 생활,A
외손녀,2,슬기로운 생활,A
외손자,2,슬기로운 생활,A
외숙모,2,슬기로운 생활,A
요리사,2,슬기로운 생활,A
용돈,2,슬기로운 생활,A
우산,2,슬기로운 생활,A
운동선수,2,슬기로운 생활,A
운동장,2,슬기로운 생활,A
운동회,2,슬기로운 생활,A
음식,2,슬기로운 생활,A
의사,2,슬기로운 생활,A
이모,2,슬기로운 생활,A
이모부,2,슬기로운 생활,A
이웃,2,슬기로운 생활,A
이웃 생활,2,슬기로운 생활,A
이웃나라,2,슬기로운 생활,A
이종,2,슬기로운 생활,A
일본,2,슬기로운 생활,A
작가,2,슬기로운 생활,A
잠자리,2,슬기로운 생활,A
장,2,슬기로운 생활,A
장래희망,2,슬기로운 생활,A
장마,2,슬기로운 생활,A
정치인,2,슬기로운 생활,A
주고받다,2,슬기로운 생활,A
주택,2,슬기로운 생활,A
중국,2,슬기로운 생활,A
지렁이,2,슬기로운 생활,A
지붕,2,슬기로운 생활,A
진달래,2,슬기로운 생활,A
집,2,슬기로운 생활,A
집의 모습,2,슬기로운 생활,A
짧은 옷,2,슬기로운 생활,A
차례,2,슬기로운 생활,A
찬바람,2,슬기로운 생활,A
창문,2,슬기로운 생활,A
체험학습,2,슬기로운 생활,A
추석,2,슬기로운 생활,A
춤,2,슬기로운 생활,A
춥다,2,슬기로운 생활,A
커뮤터실,2,슬기로운 생활,A
큰길,2,슬기로운 생활,A
태극기,2,슬기로운 생활,A
토끼,2,슬기로운 생활,A
통일,2,슬기로운 생활,A
튜브,2,슬기로운 생활,A
팔다,2,슬기로운 생활,A
풀,2,슬기로운 생활,A
피다,2,슬기로운 생활,A
하굣길,2,슬기로운 생활,A
한복,2,슬기로운 생활,A
한옥,2,슬기로운 생활,A
해수욕장,2,슬기로운 생활,A
허수하비,2,슬기로운 생활,A
호칭,2,슬기로운 생활,A
화가,2,슬기로운 생활,A
화장실,2,슬기로운 생활,A
휴가,2,슬기로운 생활,A
(외)할머니,3,슬기로운 생활,A
(외)할아버지,3,슬기로운 생활,A
가을걷이,3,슬기로운 생활,A
가앙술래,3,슬기로운 생활,A
곰팡이,3,슬기로운 생활,A
국경일,3,슬기로운 생활,A
꽃망울,3,슬기로운 생활,A
나라꽃,3,슬기로운 생활,A
난로,3,슬기로운 생활,A
문화,3,슬기로운 생활,A
모기장,3,슬기로운 생활,A
목련,3,슬기로운 생활,A
무궁화,3,슬기로운 생활,A
벛꽃,3,슬기로운 생활,A
볏짚,3,슬기로운 생활,A
뼈,3,슬기로운 생활,A
상징,3,슬기로운 생활,A
생활도구,3,슬기로운 생활,A
선풍기,3,슬기로운 생활,A
세시풍속,3,슬기로운 생활,A
애국가,3,슬기로운 생활,A
얇은 옷,3,슬기로운 생활,A
작은어머니,3,슬기로운 생활,A
작은아버지,3,슬기로운 생활,A
제설함,3,슬기로운 생활,A
집의 용도(쓰임),3,슬기로운 생활,A
철쭉,3,슬기로운 생활,A
친척,3,슬기로운 생활,A
큰아버지,3,슬기로운 생활,A
큰어너미,3,슬기로운 생활,A
틔우다,3,슬기로운 생활,A
학예회,3,슬기로운 생활,A
한가위,3,슬기로운 생활,A
행사,3,슬기로운 생활,A
수업,1,국어,B
그림,2,국어,B
느낌,2,국어,B
동영상,2,국어,B
메모,2,국어,B
몸짓,2,국어,B
사진,2,국어,B
생각,2,국어,B
의상,2,국어,B
이미지,2,국어,B
인터넷,2,국어,B
컴퓨터,2,국어,B
텔레비전,2,국어,B
표,2,국어,B
표정,2,국어,B
한자어,2,국어,B
휴대전화,2,국어,B
간추리기,3,국어,B
감상,3,국어,B
감상문,3,국어,B
강약,3,국어,B
결과,3,국어,B
결과적으로,3,국어,B
결국,3,국어,B
경청,3,국어,B
경험,3,국어,B
공유,3,국어,B
관심,3,국어,B
구성요소,3,국어,B
구면,3,국어,B
국어사전,3,국어,B
글쓴이,3,국어,B
기행문,3,국어,B
낱말분류,3,국어,B
논설문,3,국어,B
높낮이,3,국어,B
대상,3,국어,B
대화 예절,3,국어,B
독서 감상문,3,국어,B
독자,3,국어,B
독후 그림 그리기,3,국어,B
독후 토론,3,국어,B
톡후감,3,국어,B
뒷받침문장,3,국어,B
듣기 능력,3,국어,B
등장인물,3,국어,B
떄문에,3,국어,B
말의 빠르기,3,국어,B
말차례,3,국어,B
맞춤법,3,국어,B
매체,3,국어,B
명확하게,3,국어,B
문단,3,국어,B
미리보기,3,국어,B
반응,3,국어,B
발상,3,국어,B
발언,3,국어,B
발표,3,국어,B
발표 능력,3,국어,B
방안,3,국어,B
배경,3,국어,B
배경 지식,3,국어,B
비교,3,국어,B
사건,3,국어,B
생활문,3,국어,B
설명,3,국어,B
설명문,3,국어,B
세부내용,3,국어,B
소주제문,3,국어,B
시간적 순서,3,국어,B
실감나다,3,국어,B
알맞게,3,국어,B
암송,3,국어,B
어법,3,국어,B
왜냐하면,3,국어,B
운율,3,국어,B
원인,3,국어,B
의견,3,국어,B
의도,3,국어,B
의미,3,국어,B
이유,3,국어,B
인물,3,국어,B
입장,3,국어,B
작품,3,국어,B
절차,3,국어,B
주제,3,국어,B
줄거리,3,국어,B
중심 내용,3,국어,B
중심문장,3,국어,B
중심생각,3,국어,B
질문 만들기,3,국어,B
짐작하다,3,국어,B
짜임새,3,국어,B
창의적 표현,3,국어,B
청중,3,국어,B
특징,3,국어,B
편집,3,국어,B
표기,3,국어,B
표준어,3,국어,B
표현,3,국어,B
해석,3,국어,B
핵심어,3,국어,B
행동,3,국어,B
협의,3,국어,B
회의,3,국어,B
흥미,3,국어,B
가분수,1,수학,B
가운데,1,수학,B
각,1,수학,B
검산,1,수학,B
검산식,1,수학,B
계산 순서,1,수학,B
계산식,1,수학,B
괄호,1,수학,B
구하다,1,수학,B
규칙,1,수학,B
긋다,1,수학,B
기록,1,수학,B
기본,1,수학,B
기준,1,수학,B
꾸미다,1,수학,B
끝,1,수학,B
나누기,1,수학,B
나누다,1,수학,B
나눗셈식,1,수학,B
나머지,1,수학,B
다르다,1,수학,B
대분수,1,수학,B
덧셈,1,수학,B
도착,1,수학,B
도형,1,수학,B
둘레,1,수학,B
만,1,수학,B
만큼,1,수학,B
몇,1,수학,B
모난 부분,1,수학,B
몫,1,수학,B
무늬,1,수학,B
반지름,1,수학,B
방향,1,수학,B
백만,1,수학,B
벌리다,1,수학,B
분모,1,수학,B
분수의 크기,1,수학,B
분자,1,수학,B
분침,1,수학,B
붙이다,1,수학,B
뺄셈,1,수학,B
삼각자,1,수학,B
생략,1,수학,B
성질,1,수학,B
소수,1,수학,B
소수의 자리 수,1,수학,B
소수의 크기,1,수학,B
소수점,1,수학,B
순서,1,수학,B
시점,1,수학,B
시침,1,수학,B
십만,1,수학,B
아래,1,수학,B
어떤 수,1,수학,B
억,1,수학,B
영점 영일,1,수학,B
영점 일,1,수학,B
오른,1,수학,B
왼,1,수학,B
위,1,수학,B
일과 사분의 삼,1,수학,B
자연수,1,수학,B
정사각형,1,수학,B
조,1,수학,B
중심,1,수학,B
지름,1,수학,B
직각,1,수학,B
직각삼각형,1,수학,B
직사각형,1,수학,B
진분수,1,수학,B
차례,1,수학,B
차례로,1,수학,B
천,1,수학,B
천만,1,수학,B
초,1,수학,B
초침,1,수학,B
출발,1,수학,B
가리키다,2,수학,B
각,2,수학,B
각도,2,수학,B
각도기,2,수학,B
같다,2,수학,B
거리,2,수학,B
겹치다,2,수학,B
과정,2,수학,B
관계,2,수학,B
그램,2,수학,B
그리다,2,수학,B
그림그래프,2,수학,B
꺾은선그래프,2,수학,B
눈금,2,수학,B
다각형,2,수학,B
다른 방법,2,수학,B
단위넓이,2,수학,B
단위분수,2,수학,B
달다(무게를),2,수학,B
대각선,2,수학,B
덜어 내다,2,수학,B
덮다,2,수학,B
#NAME?,2,수학,B
돌리다,2,수학,B
둔각,2,수학,B
둔각삼각형,2,수학,B
들이,2,수학,B
등식,2,수학,B
리터,2,수학,B
마름모,2,수학,B
마주보다,2,수학,B
막대,2,수학,B
막대그래프,2,수학,B
모눈종이,2,수학,B
물결선,2,수학,B
밀다,2,수학,B
밀리리터,2,수학,B
밀리미터,2,수학,B
밑금,2,수학,B
받아내림,2,수학,B
받아올림,2,수학,B
범위,2,수학,B
변하다,2,수학,B
본뜨다,2,수학,B
빈틈없이,2,수학,B
사라리꼴,2,수학,B
사선,2,수학,B
새로운 방법,2,수학,B
섞여 있다,2,수학,B
수직,2,수학,B
어림,2,수학,B
연결,2,수학,B
연속,2,수학,B
예,2,수학,B
예상,2,수학,B
옮겨 담다,2,수학,B
움직이다,2,수학,B
이등변삼각형,2,수학,B
이웃하다,2,수학,B
자르다,2,수학,B
재다,2,수학,B
저울 정다각형,2,수학,B
정삼각형,2,수학,B
조건,2,수학,B
직각,2,수학,B
채우다,2,수학,B
컴퍼스,2,수학,B
킬로그램,2,수학,B
킬로미터,2,수학,B
투명종이,2,수학,B
평행,2,수학,B
평행사변형,2,수학,B
평행선,2,수학,B
풀이,2,수학,B
활용,2,수학,B
각의 크기,2,수학,B
성립,2,수학,B
수선,2,수학,B
예각,2,수학,B
예각삼각형,2,수학,B
포함,2,수학,B
혼합계산,3,수학,B
고장,1,사회,B
위치,1,사회,B
4방위,2,사회,B
가계부,2,사회,B
가마솥,2,사회,B
갚다,2,사회,B
결혼식,2,사회,B
경기장,2,사회,B
경제발전,2,사회,B
공연장,2,사회,B
공원,2,사회,B
공항,2,사회,B
구-읍-면,2,사회,B
구성원,2,사회,B
기업,2,사회,B
기왖;ㅂ,2,사회,B
기차역,2,사회,B
낭비,2,사회,B
농산물,2,사회,B
농촌,2,사회,B
다문화가족,2,사회,B
대가족,2,사회,B
돈,2,사회,B
뗏목,2,사회,B
명절,2,사회,B
모시,2,사회,B
민속놀이,2,사회,B
백화점,2,사회,B
버스 터미널,2,사회,B
봉수,2,사회,B
부두,2,사회,B
북한이탈가족,2,사회,B
북한이탈주민,2,사회,B
비단,2,사회,B
비싸다,2,사회,B
빌리다,2,사회,B
빨래판,2,사회,B
산지촌,2,사회,B
생활 도구,2,사회,B
소득,2,사회,B
소식,2,사회,B
손해,2,사회,B
수산물,2,사회,B
"시,군,구",2,사회,B
"시,도",2,사회,B
시장,2,사회,B
식생활,2,사회,B
싸다,2,사회,B
씀씀이,2,사회,B
아파트,2,사회,B
약초,2,사회,B
양복,2,사회,B
양식,2,사회,B
양옥,2,사회,B
어촌,2,사회,B
여가 생활,2,사회,B
여객기,2,사회,B
열차,2,사회,B
영화관,2,사회,B
옷차림,2,사회,B
외국인 근로자,2,사회,B
운하,2,사회,B
월급,2,사회,B
의사소통,2,사회,B
의생활,2,사회,B
이동 수단,2,사회,B
인문환경,2,사회,B
입양,2,사회,B
자연환경,2,사회,B
장례식,2,사회,B
재산,2,사회,B
저고리,2,사회,B
전자 메일,2,사회,B
전자우편,2,사회,B
전통음식,2,사회,B
절약,2,사회,B
주생활,2,사회,B
주소,2,사회,B
지형,2,사회,B
지형도,2,사회,B
짚신,2,사회,B
채취,2,사회,B
초가집,2,사회,B
촌락,2,사회,B
축산물,2,사회,B
택배,2,사회,B
터너,2,사회,B
통장,2,사회,B
투자,2,사회,B
한복,2,사회,B
한부모 가족,2,사회,B
한옥,2,사회,B
항아리,2,사회,B
핵가족,2,사회,B
확대가족,2,사회,B
간척지,3,사회,B
개표,3,사회,B
경계,3,사회,B
경로석,3,사회,B
고령화,3,사회,B
고층건물,3,사회,B
공공사업,3,사회,B
공공시설,3,사회,B
공약,3,사회,B
공용주차장,3,사회,B
공정,3,사회,B
과소비,3,사회,B
광복절,3,사회,B
교류,3,사회,B
교육여건,3,사회,B
교통 체증,3,사회,B
교통 혼잡,3,사회,B
교통로,3,사회,B
교통시설,3,사회,B
구입,3,사회,B
궁중의식,3,사회,B
귀농인구,3,사회,B
기념일,3,사회,B
기우제,3,사회,B
노동력의 부족,3,사회,B
농공 단지,3,사회,B
다수결의 원칙,3,사회,B
다양성,3,사회,B
단오,3,사회,B
단체장,3,사회,B
담장,3,사회,B
대중문화,3,사회,B
대축적,3,사회,B
대표자,3,사회,B
대형마트,3,사회,B
대화 예절,3,사회,B
덕담,3,사회,B
도매,3,사회,B
도시,3,사회,B
도시 문제,3,사회,B
돌잔치,3,사회,B
동지,3,사회,B
등고선,3,사회,B
목축,3,사회,B
묘소,3,사회,B
문화시설,3,사회,B
문화적 편견,3,사회,B
물자,3,사회,B
민주주의,3,사회,B
방파제,3,사회,B
변화,3,사회,B
보육 시설,3,사회,B
보통 선거,3,사회,B
복지 정책,3,사회,B
분지,3,사회,B
분포 비밀선거,3,사회,B
비용,3,사회,B
사이버 교류,3,사회,B
사회 부양,3,사회,B
사회문제,3,사회,B
사회적 약자,3,사회,B
산림욕장,3,사회,B
산신제 살림살이,3,사회,B
상복,3,사회,B
상점,3,사회,B
상투,3,사회,B
상호 의존,3,사회,B
상호 작용,3,사회,B
상호협력,3,사회,B
생산자,3,사회,B
생산지,3,사회,B
생태 마을 조성,3,사회,B
선거,3,사회,B
선거의 4원칙,3,사회,B
성 역할,3,사회,B
성 차별,3,사회,B
성년식,3,사회,B
성비 불균형,3,사회,B
세배,3,사회,B
소매,3,사회,B
소비,3,사회,B
소비자,3,사회,B
소비자 단체,3,사회,B
소수자의 건리,3,사회,B
소축척,3,사회,B
수입,3,사회,B
수출,3,사회,B
수호신,3,사회,B
시민 단체,3,사회,B
안내도,3,사회,B
양성평등,3,사회,B
예금,3,사회,B
예산,3,사회,B
용돈기입장,3,사회,B
운반,3,사회,B
원산지 표시제,3,사회,B
월평균 기온,3,사회,B
유물,3,사회,B
의원,3,사회,B
이동수단,3,사회,B
이자,3,사회,B
인구 이동,3,사회,B
인구 집중,3,사회,B
일손 부족,3,사회,B
임기,3,사회,B
자매결연,3,사회,B
자원,3,사회,B
자전거 도록,3,사회,B
장례식장,3,사회,B
재래시장,3,사회,B
저축,3,사회,B
저출산,3,사회,B
전통의례,3,사회,B
정당,3,사회,B
정월대보름,3,사회,B
제례,3,사회,B
제사,3,사회,B
제안,3,사회,B
존중,3,사회,B
종교,3,사회,B
주민 참여,3,사회,B
주택 부족,3,사회,B
중심지,3,사회,B
지방 자치,3,사회,B
지방 자치 단체,3,사회,B
지방의회,3,사회,B
지역 문제,3,사회,B
지역 발전,3,사회,B
지역 주민,3,사회,B
지출,3,사회,B
직접 선거,3,사회,B
질문지,3,사회,B
차례,3,사회,B
촌락 문제,3,사회,B
축척,3,사회,B
친선 관계,3,사회,B
친환경 농업,3,사회,B
큰절,3,사회,B
타협,3,사회,B
통신 수단,3,사회,B
파발,3,사회,B
판매자,3,사회,B
평등선거,3,사회,B
폐교,3,사회,B
풍물놀이,3,사회,B
풍어제,3,사회,B
피해 보상,3,사회,B
한가위,3,사회,B
한식,3,사회,B
허물다,3,사회,B
헌충일,3,사회,B
협의회,3,사회,B
혼인,3,사회,B
후보자,3,사회,B
가라앉다,1,과학,B
가루,1,과학,B
고무,1,과학,B
나무,1,과학,B
뜨다,1,과학,B
스티로품,1,과학,B
스펀지,1,과학,B
실,1,과학,B
유리,1,과학,B
천,1,과학,B
철,1,과학,B
플라스틱,1,과학,B
N극,2,과학,B
S극,2,과학,B
가슴,2,과학,B
가습기,2,과학,B
계량컵,2,과학,B
고체,2,과학,B
곤충,2,과학,B
공기,2,과학,B
공통점,2,과학,B
극,2,과학,B
기름,2,과학,B
기체,2,과학,B
김,2,과학,B
꼬리,2,과학,B
끌어당기다,2,과학,B
나침반,2,과학,B
날개,2,과학,B
누에고치,2,과학,B
눈금실린더,2,과학,B
단위,2,과학,B
대저울,2,과학,B
덩어리,2,과학,B
동굴 뒷다리,2,과학,B
땅,2,과학,B
뛰다,2,과학,B
리터,2,과학,B
막대자석,2,과학,B
머리,2,과학,B
먹이,2,과학,B
무게,2,과학,B
물방울,2,과학,B
물벼룩,2,과학,B
물직,2,과학,B
물체,2,과학,B
미숫가루,2,과학,B
밀리리터,2,과학,B
밀어내다,2,과학,B
받침점,2,과학,B
방향,2,과학,B
배추흰나비,2,과학,B
백열전구,2,과학,B
보온병,2,과학,B
부피,2,과학,B
북극,2,과학,B
분동,2,과학,B
분류,2,과학,B
분리,2,과학,B
불다,2,과학,B
비추다,2,과학,B
빛의 직진,2,과학,B
사는 곳,2,과학,B
사막,2,과학,B
사육 상자,2,과학,B
상태,2,과학,B
새끼,2,과학,B
서식지,2,과학,B
성질,2,과학,B
소재,2,과학,B
수수,2,과학,B
수증기,2,과학,B
수평,2,과학,B
수평잡기,2,과학,B
쓰임새,2,과학,B
아경,2,과학,B
암막 커튼,2,과학,B
암수,2,과학,B
압축,2,과학,B
앞다리,2,과학,B
액체,2,과학,B
약숟가락,2,과학,B
앙팔 저울,2,과학,B
얼음,2,과학,B
영점,2,과학,B
올챙이,2,과학,B
용수철,2,과학,B
용수철 저울,2,과학,B
윤곽선,2,과학,B
이끼,2,과학,B
자기력,2,과학,B
자석,2,과학,B
자회,2,과학,B
저울 정다각형,2,과학,B
적응 전자저울,2,과학,B
좁쌀,2,과학,B
진공,2,과학,B
찹쌀,2,과학,B
채집,2,과학,B
초파리,2,과학,B
추,2,과학,B
충격,2,과학,B
콧구명,2,과학,B
콩,2,과학,B
태양,2,과학,B
튜브 팥,2,과학,B
플라나리아,2,과학,B
필라맨트,2,과학,B
해캄 허물,2,과학,B
호박,2,과학,B
혼합물,2,과학,B
휘어지다,2,과학,B
흐릿하다,2,과학,B
감는줄기,3,과학,B
강,3,과학,B
강물,3,과학,B
거름,3,과학,B
거름종이,3,과학,B
겹잎,3,과학,B
곁뿌리,3,과학,B
계곡,3,과학,B
고사리,3,과학,B
곧은줄기,3,과학,B
공룡,3,과학,B
광산,3,과학,B
광석,3,과학,B
광원,3,과학,B
구슬,3,과학,B
국화꽃,3,과학,B
굳다,3,과학,B
규모,3,과학,B
그물,3,과학,B
가는줄기,3,과학,B
기름 유출,3,과학,B
깃털,3,과학,B
껍데기,3,과학,B
끈적이다,3,과학,B
끊어지다,3,과학,B
끓다,3,과학,B
나란히 놓다,3,과학,B
나무껍질,3,과학,B
나팔꽃,3,과학,B
녹다,3,과학,B
높낮이,3,과학,B
늘어서다,3,과학,B
다년생,3,과학,B
단층,3,과학,B
대피 훈련,3,과학,B
더듬이,3,과학,B
돌려나기잎,3,과학,B
동물의 한 살이,3,과학,B
드라이버,3,과학,B
등나무,3,과학,B
딸기,3,과학,B
떡잎,3,과학,B
떡잎싸게,3,과학,B
떨림 마그네틱선,3,과학,B
마그네틱선,3,과학,B
마그마,3,과학,B
마디,3,과학,B
마주나기잎,3,과학,B
메머드,3,과학,B
멸종위기,3,과학,B
모래,3,과학,B
모래사장,3,과학,B
몸체,3,과학,B
무리지어나기잎,3,과학,B
문지르다,3,과학,B
물 빠짐,3,과학,B
물갈퀴,3,과학,B
물살,3,과학,B
물의 순환,3,과학,B
민물,3,과학,B
반사,3,과학,B
발굴,3,과학,B
발생,3,과학,B
발자국,3,과학,B
백합,3,과학,B
번데기,3,과학,B
보안경,3,과학,B
보전 처리,3,과학,B
복구,3,과학,B
본잎,3,과학,B
부레옥잠,3,과학,B
부리,3,과학,B
부식물,3,과학,B
부화,3,과학,B
분출,3,과학,B
불빛,3,과학,B
불완전 탈바꿈,3,과학,B
빙하,3,과학,B
뿌리,3,과학,B
사금,3,과학,B
사암,3,과학,B
산사태,3,과학,B
삼엽충,3,과학,B
상류,3,과학,B
석유,3,과학,B
석탄,3,과학,B
석회암,3,과학,B
성픙,3,과학,B
셰일,3,과학,B
소리의 세기,3,과학,B
솜털,3,과학,B
수염뿌리,3,과학,B
습곡,3,과학,B
시험관,3,과학,B
식물도감,3,과학,B
식물의 한 살이,3,과학,B
식용유,3,과학,B
실내 습도,3,과학,B
싹,3,과학,B
아가미,3,과학,B
알루미늄,3,과학,B
암석,3,과학,B
양분,3,과학,B
어긋나기잎,3,과학,B
얼다,3,과학,B
엑스(X)선 사진,3,과학,B
여러해살이 식물,3,과학,B
역암,3,과학,B
연꽃,3,과학,B
염전,3,과학,B
옥수수,3,과학,B
완전 탈바꿈,3,과학,B
용암,3,과학,B
우무질,3,과학,B
운반작용,3,과학,B
운석,3,과학,B
원뿌리,3,과학,B
유도등,3,과학,B
유실,3,과학,B
은행나무,3,과학,B
응결,3,과학,B
이함,3,과학,B
잎자루,3,과학,B
자갈,3,과학,B
자연사박물관,3,과학,B
잔뿌리,3,과학,B
장구벌레,3,과학,B
재활용,3,과학,B
전기,3,과학,B
절벽,3,과학,B
조명,3,과학,B
줄기,3,과학,B
줄무늬,3,과학,B
중류,3,과학,B
증발,3,과학,B
지각변동,3,과학,B
지느러미,3,과학,B
지진,3,과학,B
지진대,3,과학,B
지층,3,과학,B
지표,3,과학,B
짯짓기,3,과학,B
찌꺼기,3,과학,B
천지,3,과학,B
철가루,3,과학,B
철골,3,과학,B
철광석,3,과학,B
철심,3,과학,B
체,3,과학,B
촉감,3,과학,B
총리,3,과학,B
침식작용,3,과학,B
탐사,3,과학,B
토끼풀,3,과학,B
퇴적물,3,과학,B
퇴적암,3,과학,B
퇴적작용,3,과학,B
트다,3,과학,B
파도,3,과학,B
폭포,3,과학,B
풍화작용 하류,3,과학,B
한해살이 식물,3,과학,B
허파,3,과학,B
현무암,3,과학,B
현미경,3,과학,B
홀잎,3,과학,B
화강암,3,과학,B
화산,3,과학,B
화산가스,3,과학,B
화산대,3,과학,B
화산재 화석,3,과학,B
화석 연료,3,과학,B
흔적,3,과학,B
흙,3,과학,B
결론,1,국어,C
관점,1,국어,C
그림,1,국어,C
도표,1,국어,C
맺음말,1,국어,C
머리말,1,국어,C
명언,1,국어,C
문학 작품,1,국어,C
발표,1,국어,C
보도,1,국어,C
본론,1,국어,C
본문,1,국어,C
사건,1,국어,C
사실,1,국어,C
사전 정보,1,국어,C
사진,1,국어,C
서론,1,국어,C
이야기,1,국어,C
정보,1,국어,C
듣는 이,1,국어,C
말하는 이,1,국어,C
가치관,2,국어,C
갈래,2,국어,C
감상,2,국어,C
견문,2,국어,C
결과,2,국어,C
결말,2,국어,C
고운말,2,국어,C
고유어,2,국어,C
고쳐 쓰기,2,국어,C
공유,2,국어,C
공통점,2,국어,C
관점,2,국어,C
광고,2,국어,C
교정,2,국어,C
국어 순화,2,국어,C
극,2,국어,C
근거,2,국어,C
글의 조직,2,국어,C
글의 짜임,2,국어,C
기행문,2,국어,C
내용 생성,2,국어,C
내용 전개,2,국어,C
내용 조직,2,국어,C
녹음,2,국어,C
녹음기,2,국어,C
녹화,2,국어,C
뉴스,2,국어,C
다의어,2,국어,C
댓글,2,국어,C
독서 계획,2,국어,C
독서 방법,2,국어,C
동음이의어,2,국어,C
목적,2,국어,C
문맥,2,국어,C
문제 상황,2,국어,C
발단,2,국어,C
발상,2,국어,C
발표자,2,국어,C
비교,2,국어,C
비속어,2,국어,C
비유,2,국어,C
비유적 의미,2,국어,C
사회자,2,국어,C
설득,2,국어,C
속담,2,국어,C
수정,2,국어,C
시,2,국어,C
쓰기 윤리,2,국어,C
안목,2,국어,C
어조,2,국어,C
어절,2,국어,C
언어 예절,2,국어,C
연설,2,국어,C
예상독자,2,국어,C
온라인 대화,2,국어,C
외래어,2,국어,C
요약,2,국어,C
위기,2,국어,C
의미 파악,2,국어,C
의사소통 상황,2,국어,C
인터넷 대화방,2,국어,C
일의 순서,2,국어,C
읽을거리,2,국어,C
입장,2,국어,C
작품 세계,2,국어,C
전개,2,국어,C
절정,2,국어,C
주장,2,국어,C
주장하는 글,2,국어,C
차이점,2,국어,C
추측,2,국어,C
출처,2,국어,C
태도,2,국어,C
판단,2,국어,C
한자어,2,국어,C
해결 방안,2,국어,C
호응 관계,2,국어,C
홍보,2,국어,C
화자의 관점,2,국어,C
관용어구,3,국어,C
맥락,3,국어,C
목적어,3,국어,C
서술어,3,국어,C
예측,3,국어,C
의견,3,국어,C
작품 속 세계,3,국어,C
주어,3,국어,C
주장,3,국어,C
초고,3,국어,C
추론,3,국어,C
토론,3,국어,C
토의,3,국어,C
현실세계,3,국어,C
가분수,1,수학,C
공배수,1,수학,C
공약수,1,수학,C
공통점,1,수학,C
공통분모,1,수학,C
기약분수,1,수학,C
높이,1,수학,C
대분수,1,수학,C
밑변,1,수학,C
배수,1,수학,C
아랫변,1,수학,C
약분,1,수학,C
약수,1,수학,C
윗변,1,수학,C
육의 삼분의 이,1,수학,C
진분수,1,수학,C
짝수,1,수학,C
최대공약수,1,수학,C
최소공배수,1,수학,C
통분,1,수학,C
홀수,1,수학,C
~각기둥,2,수학,C
~각뿔,2,수학,C
겨냥도,2,수학,C
구,2,수학,C
구성비,2,수학,C
굽다,2,수학,C
그림그래프,2,수학,C
기둥,2,수학,C
기준량,2,수학,C
기호,2,수학,C
단면,2,수학,C
단위넓이,2,수학,C
대신하다,2,수학,C
대응각,2,수학,C
대응변,2,수학,C
대응점,2,수학,C
대칭,2,수학,C
대칭의 중심,2,수학,C
대칭축,2,수학,C
띠그래프,2,수학,C
면,2,수학,C
모서리,2,수학,C
모선,2,수학,C
미만,2,수학,C
밑면,2,수학,C
반올림,2,수학,C
버림,2,수학,C
배분,2,수학,C
백분율,2,수학,C
~별,2,수학,C
부분,2,수학,C
비교하는 양,2,수학,C
비례배분,2,수학,C
비례식,2,수학,C
사각기둥,2,수학,C
사각뿔,2,수학,C
사에 대한 일의 비,2,수학,C
삼각기둥,2,수학,C
삼각뿔,2,수학,C
선대칭도형,2,수학,C
세우다,2,수학,C
소수점의 위치,2,수학,C
수의 대응,2,수학,C
실선,2,수학,C
옆면,2,수학,C
오각기둥,2,수학,C
오각뿔,2,수학,C
올림,2,수학,C
원그래프,2,수학,C
원기둥,2,수학,C
원뿔,2,수학,C
육 곱하기 삼분의 이,2,수학,C
이상,2,수학,C
이하,2,수학,C
일과 4의 비,2,수학,C
일대 사,2,수학,C
일의 사에 대한 비,2,수학,C
입체도형,2,수학,C
자료,2,수학,C
전개도,2,수학,C
전체,2,수학,C
전항,2,수학,C
점대칭도형,2,수학,C
점선,2,수학,C
접다,2,수학,C
정육면체,2,수학,C
제곱미터,2,수학,C
제곱센티미터,2,수학,C
제곱킬로미터,2,수학,C
직육면체,2,수학,C
초과,2,수학,C
톤,2,수학,C
퍼센트,2,수학,C
펼치다,2,수학,C
평균,2,수학,C
포개다,2,수학,C
합동,2,수학,C
항목,2,수학,C
해석,2,수학,C
가짓수,3,수학,C
겉넓이,3,수학,C
부피,3,수학,C
비,3,수학,C
비율,3,수학,C
사건,3,수학,C
세제곱미터,3,수학,C
세제곱센티미터,3,수학,C
아르,3,수학,C
안치수,3,수학,C
원주,3,수학,C
원주율,3,수학,C
치수,3,수학,C
헥타르,3,수학,C
확률,3,수학,C
남극 대륙,1,사회,C
남아메리카,1,사회,C
대서양,1,사회,C
북극권,1,사회,C
북극해,1,사회,C
북아메리카,1,사회,C
아시아,1,사회,C
아프리카,1,사회,C
오세아니아,1,사회,C
유럽,1,사회,C
지중해,1,사회,C
환경보호,1,사회,C
1차 산업,2,사회,C
2차 산업,2,사회,C
3차 산업,2,사회,C
8조법,2,사회,C
가격,2,사회,C
가야,2,사회,C
간석기,2,사회,C
간섭을 받다,2,사회,C
갈등,2,사회,C
강감찬,2,사회,C
강수량,2,사회,C
강화도,2,사회,C
개경,2,사회,C
개발도상국,2,사회,C
개방적,2,사회,C
갯벌,2,사회,C
거란,2,사회,C
건국,2,사회,C
건조,2,사회,C
경공업,2,사회,C
경국대전,2,사회,C
경선,2,사회,C
경제적 자유,2,사회,C
계승,2,사회,C
계획도시,2,사회,C
고구려,2,사회,C
고랭지 농업,2,사회,C
고려,2,사회,C
고려 청자,2,사회,C
고산 기후,2,사회,C
고원,2,사회,C
고위도,2,사회,C
고조선,2,사회,C
과학 기술의 발달,2,사회,C
관계적 위치,2,사회,C
관광 산업,2,사회,C
관군,2,사회,C
광개토 대왕,2,사회,C
구석기,2,사회,C
국정,2,사회,C
국제 사회,2,사회,C
국토 개발,2,사회,C
국회,2,사회,C
군사적 긴장,2,사회,C
귀족,2,사회,C
극지방,2,사회,C
근초고왕,2,사회,C
금속활자,2,사회,C
기부,2,사회,C
기틀,2,사회,C
기후,2,사회,C
남북 교류 협력,2,사회,C
납골당,2,사회,C
냉대,2,사회,C
농민 봉기,2,사회,C
농사법,2,사회,C
농업,2,사회,C
늪,2,사회,C
님비(NIMBY)현상,2,사회,C
단군왕검,2,사회,C
당나라,2,사회,C
대량 소비,2,사회,C
대량 생산,2,사회,C
대체 에너지,2,사회,C
대평원,2,사회,C
도시화,2,사회,C
도읍,2,사회,C
동북9성,2,사회,C
디자인,2,사회,C
뗀석기,2,사회,C
목화,2,사회,C
몽골,2,사회,C
무신 정변,2,사회,C
무역 마찰,2,사회,C
문화의 이질화,2,사회,C
물리치다,2,사회,C
민주주의,2,사회,C
민화,2,사회,C
발해,2,사회,C
배중손,2,사회,C
백성,2,사회,C
백제,2,사회,C
법원,2,사회,C
병자호란,2,사회,C
분단,2,사회,C
불교,2,사회,C
불교 문화재,2,사회,C
불국사,2,사회,C
사설시조,2,사회,C
사신,2,사회,C
산업화,2,사회,C
삼국 시대,2,사회,C
삼국통일,2,사회,C
삼권 분립,2,사회,C
상민,2,사회,C
서민문화,2,사회,C
서비스,2,사회,C
서비스업,2,사회,C
서양문물,2,사회,C
서학,2,사회,C
서희,2,사회,C
석굴암,2,사회,C
석유,2,사회,C
선사 시대,2,사회,C
성종,2,사회,C
세계화,2,사회,C
세력,2,사회,C
세종대왕,2,사회,C
소각장,2,사회,C
솟대,2,사회,C
시민 단체 참여,2,사회,C
신라,2,사회,C
신분,2,사회,C
신분 해방 운동,2,사회,C
신분질서,2,사회,C
신석기,2,사회,C
실학,2,사회,C
쓰레기 매립장,2,사회,C
아스팔트,2,사회,C
양반,2,사회,C
어업,2,사회,C
여진,2,사회,C
연합,2,사회,C
열대기후,2,사회,C
영공,2,사회,C
영조,2,사회,C
영토,2,사회,C
영해,2,사회,C
온대,2,사회,C
우데기,2,사회,C
울릉도,2,사회,C
위도,2,사회,C
위선,2,사회,C
유교,2,사회,C
유럽연합(EU),2,사회,C
윤관,2,사회,C
의병,2,사회,C
이산가족,2,사회,C
인간 존엄성,2,사회,C
인권,2,사회,C
임업,2,사회,C
임진왜란,2,사회,C
입법,2,사회,C
입지 조건,2,사회,C
자연재해,2,사회,C
장수왕,2,사회,C
장승,2,사회,C
장시,2,사회,C
재정,2,사회,C
쟁점,2,사회,C
저위도,2,사회,C
적도,2,사회,C
전성기,2,사회,C
전통 문화,2,사회,C
정당,2,사회,C
정보 사회,2,사회,C
정부,2,사회,C
정의,2,사회,C
정조,2,사회,C
정책,2,사회,C
정치,2,사회,C
정치 참여,2,사회,C
제도,2,사회,C
제주,2,사회,C
조선,2,사회,C
조세 제도,2,사회,C
조정,2,사회,C
주권,2,사회,C
주인,2,사회,C
중강진,2,사회,C
중위도,2,사회,C
중인,2,사회,C
중화학 공업,2,사회,C
진흥왕,2,사회,C
질서유지,2,사회,C
차별 대우,2,사회,C
천민,2,사회,C
천주교,2,사회,C
청나라,2,사회,C
청동기,2,사회,C
충효,2,사회,C
침입,2,사회,C
탈놀이,2,사회,C
태조 이성계,2,사회,C
터전,2,사회,C
통일신라,2,사회,C
투표,2,사회,C
판소리,2,사회,C
편찬 사업,2,사회,C
평등,2,사회,C
평화 통일,2,사회,C
포용,2,사회,C
품질,2,사회,C
핌피(PIMFY)현상,2,사회,C
한글 소설,2,사회,C
한대,2,사회,C
한양,2,사회,C
해리,2,사회,C
해발 고도,2,사회,C
해수면 상승,2,사회,C
해안선,2,사회,C
헌법,2,사회,C
험준한 산맵,2,사회,C
화성,2,사회,C
화폐,2,사회,C
화포,2,사회,C
환경 기초 시설,2,사회,C
활약,2,사회,C
효종,2,사회,C
훈민정음 창제,2,사회,C
3.1운동,3,사회,C
4.19혁명,3,사회,C
5.18민주화 운동,3,사회,C
6.25전쟁,3,사회,C
6월 민주항쟁,3,사회,C
갑신정변,3,사회,C
갑옥혁,3,사회,C
강화도 조약,3,사회,C
개인정보 유출,3,사회,C
개항,3,사회,C
개화파,3,사회,C
경매,3,사회,C
경쟁,3,사회,C
경쟁력,3,사회,C
경제 성장,3,사회,C
경제 수탈 정책,3,사회,C
경제 위기,3,사회,C
경제 협력,3,사회,C
경제적 불평등,3,사회,C
공정 거래 위원회,3,사회,C
광고경쟁,3,사회,C
광복,3,사회,C
교역,3,사회,C
구식 군대,3,사회,C
국제 연합(UN),3,사회,C
국제기구,3,사회,C
국토 황폐화,3,사회,C
귀족 사회,3,사회,C
규장각,3,사회,C
극복,3,사회,C
근대 교육,3,사회,C
기틀,3,사회,C
기후 변화,3,사회,C
기후 변화 협약,3,사회,C
남북 정상 회의,3,사회,C
대한민국 임시정부 수립,3,사회,C
대한제국,3,사회,C
동학농민운동,3,사회,C
모순,3,사회,C
모스크바 3국 외상회의,3,사회,C
무신,3,사회,C
무역,3,사회,C
무장독립운동,3,사회,C
문신,3,사회,C
문화적 충돌,3,사회,C
미소 공동 위원회,3,사회,C
부정선거,3,사회,C
부패,3,사회,C
북미 자유 무역 협정(NAFTA),3,사회,C
북벌 정책,3,사회,C
분쟁,3,사회,C
불공정 거래,3,사회,C
불평등 조약,3,사회,C
비정부 기구(NGO),3,사회,C
사유 재산 제도,3,사회,C
삼별초,3,사회,C
상호의존성,3,사회,C
생태 발자국,3,사회,C
세계 무역 기구(WTO),3,사회,C
세계 어린이 환경 회의,3,사회,C
신분질서 변화,3,사회,C
신식 군대,3,사회,C
연등회,3,사회,C
오교권,3,사회,C
외세 침략,3,사회,C
운요호 사건,3,사회,C
원자재,3,사회,C
을사조약,3,사회,C
의존도,3,사회,C
이산가족,3,사회,C
이산가족 상봉,3,사회,C
이승만,3,사회,C
이윤,3,사회,C
임오군란,3,사회,C
자원 고갈,3,사회,C
자유 무역 협정(FTA),3,사회,C
자주 독립,3,사회,C
재생 가능한 자원,3,사회,C
재화,3,사회,C
저작권,3,사회,C
저탄소 녹색 성장,3,사회,C
정보 프로슈머,3,사회,C
정비,3,사회,C
정치 이념,3,사회,C
정치적 대립,3,사회,C
제도,3,사회,C
제헌 국회,3,사회,C
제헌절,3,사회,C
지구 온난화,3,사회,C
지방자치제도,3,사회,C
지속 가능,3,사회,C
참여형 소비자,3,사회,C
척화비,3,사회,C
총선거,3,사회,C
침략 전쟁 동원,3,사회,C
탕평책,3,사회,C
팔관회,3,사회,C
팔만대장경,3,사회,C
학문 장려,3,사회,C
한강의 기적,3,사회,C
한국 국제 협력단,3,사회,C
항일 의병 운동,3,사회,C
헌법 공포,3,사회,C
환경 단체,3,사회,C
환경 용량,3,사회,C
휴전 협정,3,사회,C
흥선 대원군,3,사회,C
구름,1,과학,C
굴절,1,과학,C
기상청,1,과학,C
꽃,1,과학,C
바람,1,과학,C
발화점 이상의 온도,1,과학,C
비,1,과학,C
뿌리,1,과학,C
산소,1,과학,C
소화,1,과학,C
순환,1,과학,C
안개,1,과학,C
연소,1,과학,C
연소의 조건,1,과학,C
열매,1,과학,C
이슬,1,과학,C
일기예보,1,과학,C
잎,1,과학,C
줄기,1,과학,C
탈 물질,1,과학,C
확대,1,과학,C
감각,2,과학,C
걸린 시간,2,과학,C
곰팡이,2,과학,C
광합성,2,과학,C
교통수단,2,과학,C
구두,2,과학,C
근시안경,2,과학,C
근육,2,과학,C
기관,2,과학,C
돋보기,2,과학,C
바르기,2,과학,C
바이러스,2,과학,C
배설,2,과학,C
버섯,2,과학,C
분해자,2,과학,C
뼈,2,과학,C
산,2,과학,C
생산자,2,과학,C
생태계,2,과학,C
세균,2,과학,C
소비자,2,과학,C
소화,2,과학,C
수은주,2,과학,C
연기,2,과학,C
열,2,과학,C
온도,2,과학,C
온도계,2,과학,C
용매,2,과학,C
용액,2,과학,C
용질,2,과학,C
증산작용,2,과학,C
지시약,2,과학,C
지지작용,2,과학,C
짚신벌레,2,과학,C
해캄,2,과학,C
현미경,2,과학,C
호흡,2,과학,C
화재,2,과학,C
흡수작용,2,과학,C
공전,3,과학,C
기체,3,과학,C
남중고도,3,과학,C
달의 위상,3,과학,C
물체의 운동,3,과학,C
별,3,과학,C
별자리,3,과학,C
부피,3,과학,C
북극성,3,과학,C
빛,3,과학,C
산소,3,과학,C
압력,3,과학,C
온도,3,과학,C
이산화탄소,3,과학,C
입자,3,과학,C
자전,3,과학,C
자전축,3,과학,C
전구,3,과학,C
전기회로,3,과학,C
전류,3,과학,C
전선,3,과학,C
전자석,3,과학,C
전지,3,과학,C
지구본,3,과학,C
카시오페아,3,과학,C
태양의 고도,3,과학,C
행성,3,과학,C
환경적 요인,3,과학,C
